Id;Exp;StdC23;Splmass;C14.0iso;C14.0;C15.0iso;C15.0anteiso;C15.0;C16.0iso;C16.0;C16.1w7;C17.0iso;C17.0anteiso;C17.0;C18.0;C18.1w9;C18.1w7;C18.2w6;C19.0;C18.3w3;C18.4w3;C20.0;C20.1w9;C20.1w7;C20.2w6;C20.3w6;C21.0;C20.4w6;C20.5w3;C22.0;C22.1w11;C22.1w9;C23.0;C23.1w9;C22.5w6;C22.6w3;C24.1w9
BF_F01_Fr1;E2;30;71.9;6.63;33.44;28.61;9.59;11.8;10.38;98.21;42.05;13.96;6.25;12.65;59.17;56.34;52.87;21.89;14.06;9.48;5.86;17.76;84.3;4.78;16.83;2.22;13.51;149.26;89.35;5.31;5.57;20.5;73.28;40.78;8.91;11.28;12.68
BF_F01_Fr2;E1;30;64.3;16.71;66.04;66.98;22.06;20.56;23.41;162.19;107.51;31.09;11.64;22.23;111.08;91.94;117.9;47.76;22.73;19.11;18.17;36.02;158.36;8.41;33.57;5.75;21.43;267.83;193.13;8.68;10.51;24.92;67.72;63.75;13.09;25.97;18.08
BF_F01_Fr3;E3;30;68.4;10.51;37.61;42.92;12.59;15.69;17.71;192.12;52.44;19.13;10.41;18.95;70.25;53.88;68.33;25.38;22.48;9.56;6.33;30.52;145.58;7.61;26.11;6.35;21.32;336.17;167.14;10.17;6.35;22.96;54.63;73.66;15.95;12.26;21.96
BF_F02_Fr1;E2;30;69;13.02;58.75;56.51;18.03;17.17;20.37;220.84;86.66;24.49;11.63;19.48;117.92;164.06;100.71;76.94;23.99;20.64;12.63;38.01;175.85;10.72;32.61;5.48;23.51;304.82;202.35;11.73;11.84;26.21;90.93;84.26;13.6;26.35;27.37
BF_F02_Fr2;E1;30;74.8;19.35;75.57;42.65;29.34;22.19;22.44;585.59;102.12;28.73;31.74;34.56;410.71;86.02;120.91;70.34;46.04;21.99;9.61;70.33;291.09;33.61;76.96;11.48;28.48;805.05;306.45;22.43;25.01;70.23;57.04;132.43;32.36;13.07;61.16
BF_F03_Fr2;E1;30;67.1;16.28;73.17;66.45;20.4;21.99;23.71;230.1;120.03;29.73;11.14;24.24;138.7;152.49;128.01;66.79;31.6;22.39;21.59;44.53;178.97;12.3;40.88;6.89;25.68;305.47;247.52;8.18;13.39;32.45;87.99;87.36;15.2;30.4;24.56
BF_F04_Fr3;E3;30;70.6;22.57;83.95;88.74;26.96;33.66;31.93;213.15;110.75;38.87;13.73;26.78;125.09;110.7;133.73;44.86;27.3;22.89;16.89;38.29;144.56;9.66;26.35;6.08;24.39;296.12;182.45;10.09;7.83;26.13;70.13;64.35;17.37;23.13;21.81
BF_F04_Fr4;C;30;74.3;15.94;95.07;47.77;16.18;20.96;22.32;217.24;111.17;16.93;8.49;21.15;108.65;46.64;75.25;26.38;23.41;13.79;37.6;37.2;147.8;7.24;20.98;18.54;21.37;399.96;186.59;12.12;4.93;24.6;68.86;64.82;25.45;19.91;20.7
BF_F04_Ma4;Wi;30;70.5;5.26;29.18;16.11;5.68;6.12;6.64;105.12;35.67;5.97;4.68;8.5;63.97;48.91;41.33;18.32;14.62;14.51;22.66;24.18;97.62;5.23;18.67;5.67;12.67;192.56;142.42;5.35;5.03;18.47;59.39;49.14;6.98;6.5;13.14
BF_F05_Fr3;E3;30;67.9;20.85;83.7;80.93;25.26;28.7;28.95;335.86;120.91;34.4;13.34;25.46;161.51;142.36;112.28;70.31;25.97;23.81;20.89;40.17;165.89;8.89;28.7;6.75;22.28;310.08;210.08;10.44;7.64;24.51;57.58;66.62;19.7;24.44;24.07
BF_F06_Fr1;E2;30;73.4;18.97;79.06;83.58;30.49;28.97;29.14;237.96;107.93;38.83;16.19;30.77;128.8;139.04;158.6;60.88;30.32;20.09;11.12;46.23;223.13;11.6;41.89;6.11;34.88;404.9;239.87;12.6;13.93;32.11;67.52;98.73;19.17;30.63;33.2
BF_F07_Ma4;Wi;30;67.9;5.99;40.34;22.59;7.63;10.12;11.32;145.22;61.24;8.88;6.08;10.81;78.92;66.33;43.23;30.21;14.6;11.19;20.73;29.62;125.57;5;19.49;5.24;17.09;236.34;168.42;7.26;6.09;19.3;69.66;55.21;10.83;10.78;19.02
BF_F08_Ma3;Wo;30;74.2;4.66;36.39;13.16;5.6;11.04;7.15;172.87;25.88;5.64;10.68;10.51;63.43;62.78;37.9;16.85;14.93;5.01;7.74;25.04;109.39;4.58;14.51;13.7;15.14;281.71;100.97;7.97;3.59;19.39;53.32;49.47;12.06;5.76;12.68
BF_F10_Fr4;C;30;67.5;7.79;63.55;23.43;9.01;17.02;12.27;192.6;59.76;10.54;6.54;15.31;111.65;130.08;71.65;31.29;20.51;13.06;24.22;33.51;143.31;6.97;18.17;11.92;20.18;353.44;153.29;9.64;5.68;29.96;95.67;70.96;18.71;15.43;22.79
BF_M01_Fr4;C;30;71.2;6.93;45.46;21.08;8.01;12.69;9.99;96.65;51.97;9.08;5.32;10.66;67.75;53.19;59.18;15.7;16.5;10.64;23.61;27.83;108.08;5.36;13.23;8.77;17.73;258.02;125.64;7.26;5.13;20.32;62.1;58.24;12.21;10.84;14.9
BF_M11_Ma3;Wo;30;74.7;3.74;31.07;9.96;3.72;7.53;5.95;160.77;27.34;4.34;5.2;9.08;120.93;43.96;33.03;17.74;12.63;6.08;10.45;24.24;103.34;4.35;12.82;6.86;15.42;250.33;95.6;6.06;4.92;19.68;63.62;50.38;10.07;6.81;14.82
BF_M02_Fr3;E3;30;63;17.23;68.64;70.56;21.68;25.39;26;230.07;97.81;30.95;12.84;23.07;104.04;90.7;108.05;46.63;24.64;18.93;15.72;37.94;175.11;9.26;30.35;6.36;24.27;349.04;214.2;10.43;8.19;29.41;72.51;76.43;18.15;23.95;27.5
BF_M02_Ma4;Wi;30;66.9;7.5;47.54;26.52;9.01;9.45;11.52;93.36;58.35;11.29;6.35;12.74;80.7;39.03;57.12;15.17;18.46;16.77;26.86;30.01;102.92;5.68;19.11;5.08;16.5;203.55;151.86;5.27;5.46;17.72;55.14;48.81;10.41;8.83;12.33
BF_M12_Ma3;Wo;30;71.6;3.08;21.58;10.44;4.01;5.34;4.61;75.56;26.41;4.09;3.52;6.55;49.75;56.98;28.68;17.91;9.43;4.04;9.07;15.18;72.32;3.17;8.6;7.13;10.16;174.27;70.63;4.92;2.61;11.26;51.13;35.02;7.28;5.6;9.76
BF_M03_Fr1;E2;30;70.1;12.51;56.13;53.06;18.17;16.72;21.13;213.65;97.85;23.68;12.24;26.86;129.62;110.45;105.93;57.57;36.44;19.72;14.35;49.77;227.81;11.69;44.15;7.5;27.66;376.86;254.29;10.63;14.92;36.11;77.14;110.76;17.68;27.09;30.4
BF_M03_Fr3;E3;30;72.2;21.87;97.57;87.32;26.14;34.91;32.49;255.85;128.49;40.64;14.63;32.48;151.15;103.67;148.31;57.85;36.9;22.69;21.15;58.44;230.11;11.6;43.4;9.07;37.63;449.21;273.77;14.66;12.47;46.51;100.8;115.54;24.82;33.26;41.84
BF_M03_Ma4;Wi;30;63.8;6.92;47.26;22.95;7.66;8.57;9.36;128.2;50.2;8.3;2.1;10.51;81.6;54.08;57.27;22.51;16.24;23.16;35.79;30.27;104.06;4.5;24.62;6.12;22.28;207.45;144.72;9.12;4.4;17.83;50.1;13.23;6.93;8.89;20.75
BF_M04_Fr1;E2;30;73.9;8.77;40.65;37.43;13.3;13.84;13.84;139.66;50.66;14.89;8.72;13.02;61.64;91.89;72.33;31.57;12.23;11.11;5.24;18.23;97.19;7;17.8;2.71;12.57;182.69;101.16;5.72;6.01;13.88;53.41;45.03;6.93;10.16;13.65
BF_M04_Fr2;E1;30;70.7;7.49;36.91;28.78;10.22;9.53;9.89;107.6;48.77;11.86;7.12;11.97;59.36;89.26;61.1;33.47;12.43;9.67;8.41;20.74;100.42;5.01;20.36;3.09;12.83;183.05;113.44;5.36;5.31;13.88;41.13;42.15;7.49;9.79;14.2
BF_M04_Ma3;Wo;30;75.7;5.07;37.82;13.82;5.56;10.95;6.74;168.05;41.67;4.98;6.84;8.92;61.65;50.99;33.72;18.16;14.6;5.98;6.38;23.51;94.45;4.26;12.53;4.57;15.11;244.43;99.76;6.74;3.4;12.53;51.38;48.35;10.11;4.9;11.95
BF_M14_Ma3;Wo;30;71;7.5;61.9;20.11;7.33;14.51;10.95;233.59;59.69;7.94;6.65;14.02;91.43;44.24;52.88;20.29;20.97;10.42;31.22;36.23;156.15;5.78;23.02;27.58;24.29;368.36;176.54;13.45;4.91;24.22;55.58;70.5;26.26;17.79;21.08
BF_M05_Fr1;E2;30;72.2;22.96;87.74;104.49;30.5;35.25;35.7;323.67;123.95;46.33;16.91;27.58;131.51;131.25;163.99;69.99;29.9;38.13;9.18;46.45;205.84;13.18;41.65;6.9;27.52;411.51;243.92;15.54;14.06;33.55;57.94;88.3;19.04;31.29;30.76
BF_M05_Fr2;E1;30;63.7;24.44;83.16;100.26;28.74;31.5;34.44;218.62;130.99;43.37;14.79;25.96;126.96;118.89;146.7;57.04;25.94;26.11;17.67;35.77;150.13;10.9;32.66;5.67;17.86;267.12;182.12;9.67;9.34;22.99;58.15;57.04;14.44;29.35;22.6
BF_M05_Fr4;C;30;69.6;4.7;37.85;14.03;6.85;14.84;6.8;110.1;30.89;5.55;8.88;10.61;61.95;60.85;51.55;16.73;13.23;6.89;12.54;30.85;118.17;4.24;18.54;9.52;16.13;306.26;103.67;8.04;4.74;20.83;57.38;57.81;17.2;6.64;15.97
BF_M05_Ma4;Wi;30;69;7.15;47.62;26.68;8.69;10.61;11.31;103.87;56.79;12.82;6.38;13.19;97.48;50.26;77.21;21.08;22;24.33;29.37;39.88;148.97;7.51;27.38;7.57;20.16;308.15;205.13;8.28;7.03;21.37;57.64;69.68;11.71;10.31;17.65
BF_M06_Fr2;E1;30;63.7;15.9;78.23;65.06;22.06;20.1;22.63;206.52;109.07;27.21;11.34;21.93;119.89;155.48;126.94;64.03;25.47;21.31;21.79;41.25;172.96;12.04;39.76;5.78;21.32;251.57;214.45;7.24;11.28;28.12;67.51;67.44;14.38;29.64;23.2
BF_M06_Fr3;E3;30;66.6;14.11;51.89;55.61;17.46;19.83;20.46;185.91;67.16;23.07;10.69;19.19;85.48;60.17;72.11;31.68;21.07;10.7;8.85;31.18;115.31;7.73;21.62;4.7;20.6;245.88;146.3;5.11;5.93;21.8;65.99;53.79;13.01;15.29;16.24
BF_M06_Fr4;C;30;73.1;9.08;79.42;28.95;10.38;16.13;13.43;166.98;73.87;11.61;12.06;16.42;102.54;90.94;66.65;25.61;21.02;12.93;35.61;29.47;123.4;6.49;17;17.94;20.68;321.25;137.41;10.42;3.33;19.89;55.24;60.38;19.85;16.03;15.03
BF_U01_Ma3;Wo;30;67.7;3.6;35.02;11.12;3.68;9.24;6.06;121.03;36.8;6.71;4.97;11.98;73.23;81.92;54.91;21.41;19.4;7.11;5.53;26.94;131.93;4.83;15.61;5.29;21.21;273.99;107.9;9.85;4;17.32;76.61;58.48;12.86;7.29;17.25
BF_U01_Ma4;Wi;30;67.1;3.79;26.96;15.35;4.92;7.77;7.58;113.1;28.99;7.06;5.31;10.48;78.21;70.57;49.61;25.41;17.32;14.13;15.5;27.45;130.09;5.25;21.84;5.39;15.07;257.19;145.58;6.11;6.08;16.79;65.65;66.51;10.75;7.5;16.97
BF_U03_Fr4;C;30;70.3;7.29;40.8;21.03;8.19;10.44;9.86;98.21;43.39;8.29;5.39;12.75;72.48;46.24;74.4;16.02;22.35;10.18;17.15;29.36;140.66;6.08;18.9;8.22;22.94;352.87;130.2;9.36;5.55;22.14;70.27;76.94;16.84;10.16;16.47
Fec_01_Ma2;Ma;30;37.1;NA;98.97;4.13;NA;14.78;2.7;692.24;61.41;8.75;5.09;17;194.49;490.62;61.41;150.59;4.35;34.66;10.24;13.04;97.05;11.73;11.67;2.14;NA;7.12;33.61;5.81;70.09;17.53;58.51;NA;NA;65.17;16.21
Fec_01_Ma3;Ma;30;34;NA;14.16;NA;NA;3.63;NA;100.79;11.21;NA;2.4;2.97;32.3;50.18;7.83;41.37;NA;5.71;NA;2.35;5.38;NA;NA;6.91;NA;NA;6.52;NA;3.62;3.62;48.76;NA;NA;11.62;NA
Fec_02_Ma2;Ma;30;29.1;NA;64.76;2.83;NA;11.03;NA;550.33;32.56;5.76;3.62;14.44;173.31;234.91;33.01;76.65;4.12;15.94;5.56;12.82;53.59;4.1;5.85;NA;NA;3.59;16.49;5.8;41.96;12.04;77.03;NA;NA;32.45;12.8
Fec_02_Ma3;Ma;30;28.3;NA;12.48;NA;NA;2.28;NA;87.05;8.6;NA;3.37;2.28;24.2;45.42;6.54;39.91;NA;5.58;NA;NA;4.44;NA;NA;NA;NA;NA;5.16;2.29;2.29;2.29;302.95;NA;NA;7.24;NA
Fec_03_Ma2;Ma;30;39.9;NA;27.17;NA;NA;5.56;NA;253.12;16.8;2.76;NA;7.28;85.83;94.81;14.77;40.27;2.31;7.25;4.12;6.03;22.63;NA;2.77;NA;1.64;2.51;9.46;3.44;17.19;7.08;56.79;NA;4.12;21.5;6.13
Fec_03_Ma3;Ma;30;28.8;NA;37.64;NA;NA;5.86;NA;249.16;16.05;2.43;3.89;5.35;58.96;109.18;13.86;59.14;NA;9.83;NA;3.7;10.77;NA;2.23;6.9;NA;NA;5.64;NA;6.59;6.59;25.42;NA;NA;8.29;NA
Flot5_Ma2;Ma;30;24.4;NA;339.05;15.32;5.02;35.05;7.69;1366.07;407.53;24.46;8.38;27.8;281.47;2602.72;272.2;1092.72;6.69;297.86;141.54;19.84;362.41;17.39;51.68;18.27;2.66;49.46;398.29;9.58;233.9;36.65;41.1;10.23;14.67;482.99;19.5
Flot5_Ma3;Ma;90;13.9;NA;138.52;6.05;2.17;15.45;3.07;641.45;165.54;10.73;2.85;13.26;145.79;961.79;107.18;696.17;3.65;131.72;44.64;10.31;98.36;6.14;15.89;5.69;NA;19.34;145.88;6.8;55.22;8.9;70.68;2.47;5.45;161.84;6.91
HT_F01_Ma3;Wo;30;64.8;13.11;44.94;30.41;20.1;12.44;12.47;128.03;77.42;13.21;8.6;11.08;53.7;55.09;50.49;20.27;8.78;10.45;7.73;18.06;60.7;5.86;11.21;2.59;8.66;177.2;62.4;4.77;3.24;9.88;55.7;29.13;7.01;4.87;9.79
HT_F02_Ma3;Wo;30;71.7;14.04;63.49;43.38;27.83;33.98;18.56;199.69;204.19;21.27;13.29;22.37;108.63;40.01;82.97;24.07;19.31;13.52;12.98;35.01;107.04;9.87;22.58;6.3;18.72;319.9;141.7;9.21;7.51;23.4;72.52;57.66;11.76;10.26;21.91
HT_F02_Ma4;Wi;30;79.5;11.82;40.03;40.86;19.8;16.36;14.6;205.75;65.2;22.69;11.45;13.95;80.63;131.52;70.1;56.84;16.11;19.33;6.49;27.31;105.82;11.03;25.31;6.83;18.7;250.03;123.51;8;9.14;23.11;67.79;54.11;9.53;8.63;20.42
HT_F03_Ma4;Wi;30;65.8;7.07;40.51;24.5;12.79;24.59;9.98;197.67;38.41;12.01;7.9;10.61;51.73;90.01;32.69;31.62;8.69;12.63;4.34;13.73;52.66;5.62;13.17;2.97;8.66;135.73;62.32;3.97;3.78;10.22;53.12;26.43;5.07;4.75;8.97
HT_F05_Fr2;E1;30;75.9;6.22;17.49;21.93;9.32;7.29;10.2;88.49;24.94;16.95;8.76;10.68;66.71;56.82;65.04;29.64;18.15;13.49;NA;24.61;101.19;10.1;21.12;3.51;18.98;230.65;91.99;8.05;8.48;16.72;60.2;54.32;9.1;6.3;16.19
HT_F05_Ma4;Wi;30;77.5;18.19;53.63;61.64;27.98;26.25;18.03;192.31;87.68;31.09;12.86;18.65;93.81;87.79;90.24;40.24;16.33;25.61;9.07;25.3;89.95;10.83;23;5.56;15.99;193.93;111.03;6.58;7.3;20.26;67.99;40.54;9.84;12.27;17.86
HT_F06_Fr2;E1;30;75;5.29;14.27;20.14;7.49;6.33;8.54;57.96;22.48;13.42;3.57;6.85;34.06;39.29;48.82;20.49;9.36;10.81;NA;14.16;60.69;7.04;14.19;2.9;11.41;149.56;53.6;4.85;6.2;9.88;54.62;31.36;3.26;4.84;9.35
HT_F06_Ma4;Wi;30;76.9;10.89;44.34;38.72;17.34;18.36;12.89;161.22;60.33;22.6;10.65;14.64;71.78;84.22;67.74;32.95;16.14;19.3;5.81;21.02;80.78;9.3;20.1;4.11;13.48;192.28;95.59;6.17;6.74;14.35;50.13;42.61;7.86;8.66;14.32
HT_M01_Fr2;E1;30;70.8;7.32;17.56;25.91;12.58;8.12;9.14;124.32;26;14.98;10.21;7.96;37.29;47.67;30.7;26.51;8.88;5.82;NA;14.99;67.01;5.95;14.22;3.32;12.35;161.76;58.24;4.52;6.32;10.71;49.47;38.67;3.52;5.34;13.09
HT_M01_Fr4;C;30;68.2;3.61;8.81;8.13;5.57;3.91;6.64;72.44;11.32;7.24;7.34;5.97;30.23;18.09;16.33;12.82;11.42;NA;NA;15.31;53.64;4.19;11.71;2.41;10.97;153.19;44.27;4.94;3.33;8.95;52.1;31.32;5.5;NA;6.87
HT_M01_Ma4;Wi;30;67.3;7.74;23.01;28.64;13.47;10.08;9.95;98.72;39.49;15.45;8.7;10.4;65.03;37.84;41.11;23.96;13.33;10.06;4.06;20.4;68.88;6.34;17.08;3.69;13.34;175.66;71.33;6.57;5.05;13.04;112.98;37.2;5.97;5.37;13.29
HT_M03_Fr1;E2;30;69.7;8.13;23.74;29.72;15.94;9.62;11.88;125.51;33.14;15.66;11.66;10.31;46.45;53.89;43.23;30.17;14.81;6.09;NA;22.53;87.81;5.31;16.64;3.71;15.48;195.02;72.57;4.95;7.68;12.01;49.76;48.54;5.42;5.82;15.38
HT_M03_Fr2;E1;30;68.9;8.25;19.95;31.02;14.65;10.48;11.36;72.63;29.8;16.59;9.14;10.54;41.29;31.57;46.66;20.02;11.99;8.28;NA;14.68;54.65;6.27;12.89;6.1;12.77;118.45;53.76;3.5;5.63;9.26;51.36;28.29;3.48;5.24;9.36
HT_M03_Fr4;C;30;69.9;2.51;10.5;5.83;3.59;3.45;3.87;77.33;18.93;5.7;4.66;5.74;37.05;72.12;38.97;38.19;12.2;6.9;NA;15.31;79.01;5.22;15.65;3.1;15.09;208.36;57.74;5.27;5.33;11.16;63.54;46.64;4.77;NA;11.59
HT_M03_Ma3;Wo;30;64.5;17.43;60.12;60.37;36.52;39.32;25.44;287.95;177.84;25.68;16.64;23.5;100.36;65.72;83.68;32.95;24.42;14.39;11.7;40.94;152.61;37.14;30.1;6.52;27.86;389;199.91;13.43;10.15;36.3;131.21;124.91;22.58;18.46;51.2
HT_M04_Fr1;E2;30;64.9;31.16;84.25;127.02;64.69;38.32;34.69;255.42;130.81;52.45;24.29;27.57;112.43;137.68;155.75;80.79;18.82;22.8;5.97;34.91;135.44;15.24;26.57;5.98;18.27;254.41;127.49;7.71;14.01;27.81;86.34;51.86;11.23;19.71;32.45
HT_M04_Ma3;Wo;30;68.4;23.16;91.12;64.53;44.14;47.61;26.89;285.85;219.78;32.9;20.08;31.84;132.16;109.64;117.4;42.68;25.05;18.94;15.46;41.34;138.65;12.93;26.02;9.3;23.36;377.44;171.78;10.03;9.11;35.98;100.08;94.55;13.55;14.89;30.56
HT_M04_Ma4;Wi;30;70.4;6.97;29.81;24.48;11.97;12.87;8.76;117.13;37.89;13.75;11.61;10.22;58.03;52.7;46.48;23.01;11.65;10.97;4.23;19.13;69.63;6.69;15.5;3.66;12.81;170.39;84.77;5.05;5.82;11.86;55.43;34.79;6.23;4.91;11.4
HT_U01_Fr1;E2;30;65.8;6.34;17.21;25.1;14.39;7.98;8.89;71.48;30.31;15.81;9.04;10.16;49.2;61.12;62.98;30.74;17.86;8.6;NA;26.84;128.15;10.88;21.57;4.18;21.27;267.67;94.55;6.09;11.66;19.53;105.88;76.76;6.24;6.4;21.57
HT_U01_Fr3;E3;30;72;11.34;33.85;42.52;22.41;15.03;14.42;98.19;42.13;23.87;12.47;13.74;60.26;48.03;82.9;29.19;17.05;14.15;4.31;27.84;100.91;9.64;20.94;3.81;17.29;223.1;95.76;5.65;8.46;16.82;70.54;51.43;7.3;7.23;16.8
HT_U02_Fr1;E2;30;70.5;9.82;32.44;40.51;25.56;13.7;16.64;197.5;50.3;22.08;15.54;14.49;76.82;118.37;64.07;62.5;19.64;8.83;NA;34.13;103.02;10.03;24.44;3.83;20.26;224.05;111.1;7.78;7.72;17.22;56.98;54.44;7.72;9.72;20.62
HT_U02_Fr2;E1;30;69.7;33.3;77.79;124.09;58.65;39.85;39.69;256.48;118.84;54.08;23.71;29.02;97.4;125.64;125.06;64.33;19.95;23.73;7.2;27.59;105.72;12.35;21.33;4.66;16.76;213.55;110.51;6.88;9.31;17.76;59.42;47.53;9.89;19.38;20.05
HT_U02_Fr3;E3;30;71;15.87;47.94;62.72;33.52;22.06;18.74;161.36;63.51;27.76;14.85;16.5;75.1;56.86;77.09;32.62;16.03;14.23;5.32;30.01;79.4;14.88;16.71;5.53;19.03;187.27;97.94;5.87;8.33;17.04;67.93;41.84;9.28;8.66;12.54
HT_U02_Fr4;C;30;67.7;4.57;19.56;11.5;7.01;6.05;6.25;104.03;19.76;8.93;7.47;9.49;62.5;94.98;44.81;30.04;18.19;6.49;NA;23.9;99.44;7.09;21.78;5.23;20.16;265.79;84.57;7.43;7.26;13.84;81.67;63.62;7.87;3.72;17.31
HT_U03_Fr3;E3;30;68;16.58;51.64;60.86;34.93;24.63;19.19;197.49;68.57;28.79;17.12;18.67;79.06;124.34;92.21;49.36;14.84;16.56;4.88;28.66;104.63;10.79;18.21;4.08;16.33;219.87;99.26;5.75;7.37;15.26;73.48;51.99;7.41;9.14;18.19
HT_U04_Fr2;E1;30;70.2;10.94;32.11;39.91;20.83;13.42;15.15;168.3;44.7;19.35;11.34;12.88;61.73;109.94;49.47;52.94;12.69;10.67;2.61;18.92;82.46;6.72;17.91;3.62;13.65;180.75;76.29;5.47;5.57;12.8;62.22;43.85;6.22;8.77;13.97
HT_U04_Fr3;E3;30;68;21.86;62.46;78.56;44.28;28.46;23.36;223.2;86.84;35.47;19.65;20.52;130.54;70.29;101.79;39.49;16.06;16;5.08;28.3;98.35;10.34;19.3;3.6;18.14;199.18;99.3;5.37;8.66;15.94;58.73;49.54;8.36;9.46;16.24
HT_U04_Fr4;C;30;69.3;3.21;10.13;7;4.79;4.16;4.31;58.51;14.25;5.58;4.74;6.09;32.61;40.1;20.03;13.92;10.6;2.52;NA;13.89;53.65;4.95;11.44;3.08;11.34;135.67;47;3.95;3.86;8.26;61.91;31.81;6.69;NA;7.2
HT_U05_Fr1;E2;30;69.7;5.86;16.47;23.37;14.6;7.6;9.45;73.99;29.51;15.36;10.9;9.95;49.35;49.61;69.16;29.14;16.17;7.84;NA;21.11;95.04;9.61;21.16;3.57;16.65;219.21;89.32;5.68;8.16;15.87;60.43;53.12;5.78;5.53;15.25
HT_U05_Fr3;E3;30;68.5;13.24;37.98;49.62;28.77;20.07;16.05;142.47;55.61;23.38;13.98;14.85;67.19;77.19;76.75;35.02;15.82;12.73;3.5;25.43;84.71;8.47;26.5;3.93;13.5;187.87;86.24;5.4;10.01;21.92;68.93;46.58;6.73;7.19;13.26
HT_U05_Fr4;C;30;79.8;4.09;12.93;9.99;6.61;4.39;5.57;55.87;14.58;8.86;9.42;7.99;38.34;46.28;51.82;19;14.69;6.51;NA;17.98;76.74;7.03;16.96;3.39;16.11;224.46;61.43;6.04;6.62;12.88;52.33;50.75;5.19;NA;11.13
HT_U05_Ma3;Wo;30;78.8;25.5;69.58;69.1;48.48;33.46;26.44;226.23;152.02;28.83;17.87;23.09;106.52;103.03;96.97;50.42;21.16;14.11;12.04;33.23;99.57;17.86;20.78;5.37;15.58;279.18;123.67;10.01;5.59;23.86;81.32;52.68;11.32;10.45;17.67
HT_U06_Fr1;E2;30;73;5.12;18.23;15.24;9.14;5.57;7.15;78.73;22.5;11.68;7.65;10.27;42.46;70.98;40.61;28.75;12.07;5.08;NA;16.58;85.87;5.41;16.63;NA;15.37;179.83;62.43;9.99;6.13;14.66;94.79;51.43;5.64;4.66;14.64
HT_U06_Fr4;C;30;72.4;2.76;16.6;5.44;3.75;5.74;3.94;71.28;9.86;7.08;2.65;7.68;44.05;30.01;27.1;12.74;13.83;5.42;NA;17.5;66.04;4.68;11.41;6.65;14.29;163.48;48.85;5.22;4.11;10.08;64.52;38.04;5.83;NA;8.95
HT_U06_Ma3;Wo;30;68.6;12.82;37.66;33.11;25.42;16.51;15.29;154.21;55.62;15.34;12.8;14.1;67.88;52.48;48.9;34.1;15.72;7.26;4.15;26.49;104.26;10.87;19.1;3.86;15.28;279.67;90.6;7.22;6.19;17.43;67.44;54.53;9.31;4.94;17.07
MF_F01_Fr1;E2;30;28.1;15.2;76.46;65.01;21.65;25.64;26.95;395.3;107.24;45.26;16.93;61.01;521.79;117.75;219.45;66.73;61.26;33.7;15.3;81.3;468.09;23.81;103.57;15.06;50.07;746.39;483.39;24.02;27.66;78.36;167.2;227;56.95;59.2;65.27
MF_F01_Fr2;E1;30;67.6;15.54;72.24;60.57;20.41;22.65;25.52;326.54;108.24;37.34;16.83;42.2;355.09;111.66;223.96;62.1;43.17;28.08;17.17;66.48;387.08;23.92;86.19;13.9;36.28;610.72;436.85;18.48;26.78;60.55;57.1;169.81;38.34;39.28;51.6
MF_F01_Fr3;E3;30;72.2;20.72;85.17;81.94;24.44;31.23;39.2;582.49;131.48;51.4;20.48;69.99;477.5;126.63;222.16;76.92;83.41;27.46;15.46;91.11;497.64;28.82;101.19;21.66;56.38;990.92;645.75;29.75;27.01;93.44;72.9;263.59;79.87;45.37;67.48
MF_F02_Fr1;E2;30;76.9;30.49;141.24;125.63;40.18;42.98;51.18;744.11;196.01;67.16;26.04;74.65;549.32;238.36;275.69;145.87;82.5;46.11;24.27;111.21;589.48;36;127.16;19.9;60.56;954.93;730.57;30.62;37.82;85.03;75.02;267.85;63.4;73.38;77.4
MF_F02_Fr2;E1;30;74.9;35.91;166.89;150.02;48.74;57.63;57.95;644.7;245.6;90.6;28.6;93.74;692.12;228.5;372.18;131.85;84.37;58.35;35.82;112.94;633.97;32.04;146.19;22.02;60.78;993.78;742.3;31.83;37.29;96.15;84.67;279.06;73;91.04;91.98
MF_F03_Fr2;E1;30;67.4;27.6;121.68;109.46;34.47;40.62;44.24;633.89;181.8;62.46;23.45;76.71;634.32;173.26;264.61;150.7;87.2;41.36;31.45;123.27;606.05;33.87;144.97;22.47;63.55;972.84;776.77;31.6;40.72;109.7;96.92;292.09;67.76;76.45;91.26
MF_F04_Fr3;E3;30;70.1;31.93;121.54;117.18;37.82;45.46;49.19;593.21;161.73;66.85;23.56;72.29;561.73;124.24;285.69;82.74;74.83;39.19;23.69;97.53;504.07;27.92;96.8;17.93;57;878.45;596.63;29.79;29.15;86.96;78;231.6;74.73;59.98;69.96
MF_F04_Fr4;C;30;66.4;17.26;114.56;51.98;18.2;25.48;27.97;635.32;117.63;26;13.31;50.83;432.96;61.13;126.01;36.12;52.7;17.79;37.47;69.86;379.5;17.5;58.4;36.18;39.76;804.32;401.37;25.51;14.42;61.19;62.28;166.51;76.61;33.25;49.65
MF_F04_Ma4;Wi;30;66.3;10.97;76.53;34.11;11.69;15.4;15.91;396.44;85.79;17.04;11.01;39.53;433.26;75.28;125.4;29.32;45.4;39.2;41.77;71.16;345.93;18.19;63.83;18.35;31.7;578.05;384.88;14.84;19.43;51.59;57.08;163.56;32.82;18.03;44.75
MF_F05_Fr3;E3;30;72.9;20.43;96.64;79.37;25.27;33.54;34.45;587.14;129.38;47.16;19.63;52.76;472.42;108.06;195.04;72.11;55.21;31.6;24.99;82.35;455.19;20.81;78.13;17.32;43.57;710.63;542.42;24.19;24.27;73.48;62.46;196.78;64.85;50.82;68.77
MF_F06_Fr1;E2;30;65.9;19.56;89.89;88.06;31.86;32.29;35.73;572.48;118.41;45.76;22.18;53.06;439.81;109.51;194.43;66.3;49.52;23.59;11.76;65.81;396.86;17.4;74.01;12.1;41.08;628.63;414.52;19.27;24.37;61.78;59.89;174.91;48.56;42.05;59.78
MF_F07_Ma4;Wi;30;69.9;12.9;94.59;44.97;14.19;20.76;24.09;653.95;138.87;24.92;13.54;43.18;481.09;90.44;127.07;43.19;47.39;26;38.26;76.47;405.54;19.45;71.7;17.81;38.81;659.77;480.52;21.07;20.57;55.22;56.31;186.05;58.46;27.72;57.94
MF_F08_Ma3;Wo;30;63.4;8.65;65.99;24.81;12.78;18.93;16.02;438.79;55.83;20.94;9.02;40.64;497.8;43.5;133.94;22.61;55.15;14.55;179.51;66.95;346.99;16.35;55.27;46.73;37.86;783.5;365.71;23.17;13.94;51.53;57.48;163.63;57.45;23.26;39.92
MF_F10_Fr4;C;30;60.7;10.58;86.62;31.77;10.89;19.39;21.32;483.43;95.99;23.04;13.22;52.18;644.42;65.38;154.96;62.63;71.25;22.65;38.51;89.09;430.24;25.17;74.44;35.38;48.67;843.53;478.74;24.78;21.73;80.48;92.34;222.5;85.02;44.52;63.15
MF_M01_Fr4;C;30;62.4;8.62;63.33;27.43;9.38;14.7;16.31;331.36;70.77;16.64;9.53;37.81;429.34;45.47;139.61;19.12;49.75;16.22;24.67;74.58;351.15;18.28;52.16;29.29;39.42;764.26;420.15;21.18;17.61;53.17;61.74;169.75;53.12;24.13;47.41
MF_M11_Ma3;Wo;30;68.9;7.11;59.41;22.56;7.51;13.91;13.4;544.54;54.46;13.34;14.19;36.51;434.2;50.78;97.2;26.3;44.26;14.75;17.69;66.35;325.51;17.5;48.31;23.82;37.4;701.64;295.2;19.8;16.55;48.69;53.65;170.62;54.78;21.12;45.2
MF_M02_Fr3;E3;30;72;24.17;113.34;98.66;30.47;39.61;39.68;459.35;150;60.42;21.74;67.71;600.72;104.09;299.49;58.79;71.75;42.27;26.34;95.31;547.83;29.16;102.15;20.03;58.73;963.57;660.89;30.31;27.46;103.33;90.1;252.2;69.51;62.42;74.89
MF_M02_Ma4;Wi;30;69.6;9.45;67.58;35.95;12.28;15.34;19.58;384.88;101.92;22.57;13.94;51.41;497.75;114.67;163.07;108.66;78.37;41.38;42.37;119.08;545.53;29.01;103.14;27.08;65.67;924.49;724.32;28.12;36.06;118.63;100.1;305.72;74.16;36.54;78.15
MF_M12_Ma3;Wo;30;63.4;8.63;70.39;28.97;10.39;15.49;19.1;534.3;74.49;16.12;13.51;37.28;430.64;42.21;94.4;25.26;45.17;10.03;22.23;57.8;303.47;15.05;46.88;31.02;30.8;640.09;335;19.82;14.57;52.16;53.4;143.49;54;24.44;40.4
MF_M03_Fr1;E2;30;70.6;14.27;82.18;69.31;23.59;30.13;33.82;717.83;125.48;42.14;24.01;68.13;626.95;152.35;246.43;90;91.7;50.03;17.89;118.2;620.28;58.12;139.93;30.06;67.3;1118.03;764.95;33.14;59.32;145.07;152.2;401.87;72.15;55.59;163.3
MF_M03_Fr3;E3;30;66.4;23.7;110.57;82.95;26.34;35.06;34.02;511.59;143.41;41.2;18.1;50.14;360.78;82.35;172.4;43.95;49.21;22.69;21.58;66.43;342.27;17.96;63.57;13.72;36.93;580.72;442.34;16.79;18.58;56.81;59.94;152.59;42.4;39.41;44.38
MF_M03_Ma4;Wi;30;62.8;8.49;58.41;29.13;9.13;12.13;15.39;520.1;72.28;17.04;10.78;35.37;395.67;93.27;109.17;51.53;50.83;40.05;45.23;82.3;427.37;18.28;81.31;21.29;39.71;766.62;537.63;23.97;23.45;53.67;66.41;219.49;46.33;23.36;65.1
MF_M04_Fr1;E2;30;73.4;40.46;159.13;151.99;53.33;52.27;57.45;841.58;221.44;73.62;28.48;81.95;580.07;186.98;329.46;114.65;75.23;44.31;22.74;96.57;509.8;35.09;115.18;17.59;51.2;797.06;590.92;26.25;32.45;86.69;62.79;205.02;54.58;68.87;62.61
MF_M04_Fr2;E1;30;71.9;22.63;113.48;169.39;36.47;33.59;37.91;524.98;178.71;83.13;19.76;73.09;536.86;204.71;278.05;159.55;98.84;41.64;27.65;128.69;831.87;38.24;159.91;26.01;72.99;1098.58;809.13;34.33;49.99;146.81;109.89;375.01;74.7;79.32;105.98
MF_M04_Ma3;Wo;30;66.3;6.84;52.73;21.45;8.21;12.38;12.25;281.63;77.53;13.29;9.01;33.4;403.15;47.16;149.66;21.15;52.51;20.15;13.69;68.64;344.38;17.44;52.83;17.46;39.69;768.61;365.16;21.47;13.44;46.2;60.88;182.77;61.87;17.83;38.43
MF_M14_Ma3;Wo;30;70.5;8.96;85.39;25.06;8.71;19.93;18.96;531.24;92.69;17.93;13.15;43.54;476.68;64.98;150.48;52.83;56.26;22.39;44.09;93.42;500.21;24.1;81.53;74.23;50.75;929.78;525.59;28.43;26.4;108.15;79.76;248.82;90.88;41.54;57.53
MF_M05_Fr1;E2;30;64.7;26.81;118.22;117.03;35.78;46.39;48.22;700.71;184.21;74.14;25.15;72.11;538.67;191.49;303.71;140.98;80.8;55.31;16.16;103.93;530.18;35.37;122.75;17.3;54.34;828.27;628.56;31.1;34.22;89.72;78.51;238.67;66.35;86.97;76.75
MF_M05_Fr2;E1;30;65.5;43.35;162.98;161.64;50.44;56.9;62.61;840.72;250.69;88.07;27.52;84.45;704.74;220.55;352.4;135.48;79.84;50.65;35.81;101.77;523.23;35.03;131.36;20.23;48.74;808.23;615.67;28.34;35.35;87.28;78.46;215.79;57.39;79.87;74.65
MF_M05_Fr4;C;30;68.8;9.31;79.42;28.16;9.85;17.12;16.7;511.78;73.49;15.71;24.63;41.83;510.94;41.19;117.33;21.36;42.52;19;27.2;92.85;354.58;16.42;89.41;28.49;32;664.15;313.15;16.67;19.69;56.48;61.22;147.84;53.98;20.6;40.96
MF_M05_Ma4;Wi;30;61.1;10.46;78.17;37.23;12;17.02;18.91;296.63;89.13;24.56;12.98;37.67;408.56;77.94;174.89;33.01;51.03;45.3;42.34;78.12;346.11;18.54;73.75;18.96;36.56;612.41;468.83;16.43;19.44;54.33;56.18;158.99;36.34;22.47;37.99
MF_M06_Fr2;E1;30;64.5;16.73;91.07;68.1;23.72;24.94;28.6;457.8;122.72;36.35;18.41;42.14;377.31;129.34;182.66;70.43;44.6;28.26;22.94;68.34;377.07;19.19;80.71;11.52;34.3;541.25;427.49;17.67;21.22;54.04;55.65;160.4;39.23;43.52;55.77
MF_M06_Fr3;E3;30;64.5;19.98;84.76;75.84;24.46;29.82;32.48;604.22;99.92;43.12;18.16;52.98;425.45;69.16;157.99;47.93;55.17;20.87;12.9;75.93;344.68;17.49;72.86;14.13;43.12;634.76;462.98;20.42;17.7;61.24;55.41;159.39;57.42;38.09;42.43
MF_M06_Fr4;C;30;64.8;6.75;80;26.76;14.91;18.9;16.91;520.24;63.45;18.68;10.98;44.49;549.47;56.3;117.75;45.6;61.65;32.62;37.76;91.33;500;95.43;88.05;59.45;71.9;1012.47;471.72;31.48;20.85;98.25;157.59;266.72;95.41;37.99;83.32
MF_U01_Ma3;Wo;30;73.4;5.85;68.7;20.33;6.85;19.39;16.18;619.67;62.08;17.12;14;48.32;510.59;52.55;92.77;29.51;54.37;11.08;8.45;61.17;379.15;15.87;53.38;15.93;39.17;768.03;331.49;26.69;11.49;49.93;53.79;165.45;53.66;18.55;38.67
MF_U01_Ma4;Wi;30;66.5;9.63;65.18;38.62;11.5;15.85;20.21;306.25;75.08;21.34;11.87;36.8;384.42;82.7;145.55;32.81;54.85;39.66;38.85;68.98;406.69;17.86;67.61;18.72;33.11;704.83;418.95;16.72;23.82;52.84;64.78;207.46;41.16;22.34;53.23
MF_U03_Fr4;C;30;64.7;10.19;78.36;30.58;12.55;17.31;18.94;453.5;75.42;19.11;13.12;43.36;487.16;64.01;139.56;56.05;68.19;21.58;30.98;83.48;442.62;16.99;68.9;25.43;55.86;981.94;416.2;29.27;20.09;62.38;83.63;253.12;80.79;31.3;52.77
MT_F02_Ma3;Wo;30;64.1;17.12;67.7;49.42;29.17;34.81;25.28;439.37;279.65;31.93;24.59;41.24;329.56;95.05;193.07;55.03;40.92;20.83;16.13;61.41;230.1;38.36;78.66;17.91;47.83;596.95;342.01;27.23;18.76;96.59;59.82;118.53;32.36;26.39;77.94
MT_F02_Ma4;Wi;30;64;12.03;45.93;40.41;18.09;16.5;20.35;337.55;64.51;33.12;27.87;27.84;338.76;98.29;144.93;54.7;38.59;37.06;7.22;59.34;224.51;32.48;76.78;23.74;30.53;472.61;327.5;15.17;27.38;73.03;61.46;117.66;25.34;16.8;66.8
MT_F03_Ma4;Wi;30;75;16.34;58.31;50.72;22.15;20.52;20.85;315.35;98.39;43;23.6;38.3;400.11;125.82;251.3;60.92;52;66.13;14.49;58.1;304.92;40.17;91;16.96;28.69;696.94;437.68;20.17;25.38;73.82;59;141.81;33.45;26.89;63.42
MT_F05_Fr2;E1;30;66;10.59;37.05;36.91;15.71;14.49;24.61;269.13;50.14;34.91;19.98;35.47;326.69;90.22;199;70.35;55.83;38.36;4.75;58.74;299.05;39.54;88.04;17.42;40.88;627.44;415;20.79;31.87;67.04;66.27;155.24;25.81;20.23;73.46
MT_F05_Ma4;Wi;30;70.1;41.96;102.99;133.54;56.68;47.69;52.48;481.68;221.37;97.92;37.87;64.66;542.02;243.63;297.17;151.92;84.96;77.18;23.46;111.8;426.88;69.49;126.93;34.15;56.02;790.96;614.69;27.64;42.44;139.62;102.5;229.8;49.03;55.56;114.28
MT_F06_Fr2;E1;30;68;16.76;46.51;68.09;23.22;21.01;40.45;343.98;77.78;65.79;29.53;43.57;341.83;144.73;205.17;136.09;74.24;53.82;7.13;92.29;436.66;52.34;119.13;17.99;63.85;1073.08;468.87;30.43;45.84;91.07;91.68;259.94;43.62;39.06;81.3
MT_F06_Ma4;Wi;30;64.7;25.66;82.16;86.9;38.06;34.14;34.11;614.24;129.12;57.21;29.21;48.49;418.56;141.08;161.78;92.95;54.12;49.96;15.63;67.27;304.08;32.24;85.8;15.97;36.72;683.17;364.43;20.18;25.06;57.56;61.71;142.89;31.85;25.11;64.64
MT_M01_Fr2;E1;30;73.5;19.83;43.7;70.23;33.42;20.86;33.2;225.61;78.97;60.65;28.37;42.06;301.28;109.55;228.17;98.61;64.45;44.79;7.61;78.95;396.35;50.03;109.91;18.72;58.73;973.31;471.28;33.32;45.49;95.25;87.9;222.07;36.86;35.64;94.38
MT_M01_Fr4;C;30;70.7;6.1;46.14;15.81;9.93;13.54;13.69;397.72;33.74;23.91;15.13;35.55;504.51;80.38;143.64;56.72;56.09;24.03;5.02;58.94;290.84;39.01;91.52;21.91;33.69;748.37;354.35;23.89;29.63;71.68;67.96;170.35;32.57;11.56;70.06
MT_M01_Ma4;Wi;30;72;18.59;49.87;65.13;29.01;22.77;27.17;412.2;91.29;46.42;22.24;33.19;298.39;124.97;137.55;75.21;57.58;26.32;9.61;69.13;270.47;40.79;88.16;21.9;36.54;653.54;372.44;19.93;25.56;72.07;63.71;140.77;29.39;18.19;70.69
MT_M03_Fr1;E2;30;72;19.25;61.08;76.42;41.81;24.51;32.19;273.28;95.39;55.5;30.83;40.77;366.69;113.02;232.59;87.84;71.77;37.87;6.27;88.37;350.72;39.46;87.93;15;52.69;833.25;387.76;21.54;35.03;64.01;69.38;184.61;29.39;23.98;71.53
MT_M03_Fr2;E1;30;63.8;13.03;42.08;47.27;22.32;20.73;21.66;348.72;58.3;34.87;22.68;31.94;263.48;94.83;119.73;76.57;44.95;21.54;5.43;47.69;234.79;32.09;74.4;16.16;28.53;477.53;347.73;16.13;25.02;55.54;57.72;124.9;21.33;21.22;60.67
MT_M03_Fr4;C;30;63.2;10.96;35.21;24.18;12;11.17;16.61;367.5;28.55;17.87;22.89;25.68;271.93;63.18;76.05;47.26;51.79;10.83;4.07;51.2;269.56;26.87;77.38;17.67;45.19;659.47;317.91;21.75;23.7;62.89;56.32;177.12;27.61;8.54;55.85
MT_M03_Ma3;Wo;30;63.2;19.19;70.79;60.87;39.52;34.64;31.14;334.39;205.24;42.52;25.97;51.37;428.54;84.26;261.57;47.01;54.08;35.37;13.94;61.49;259.46;36.84;78.96;15.57;26.37;754.91;372.39;21.87;22.16;78.08;60.09;125.08;29.86;18.69;54.52
MT_M04_Fr1;E2;30;57;20.52;57.33;80.55;43.92;24.89;29.29;299.84;94.31;47.15;25.52;32.53;268.15;124.41;230.7;126.13;37.86;35.07;6.41;56.03;303.11;35.99;88.67;15.69;24.99;570.18;375.59;16.53;26.01;69.61;63.59;106.15;28.89;29.26;73.24
MT_M04_Ma3;Wo;30;69.3;17.17;63.76;42.46;32.22;27.59;22.05;435.9;179.01;29.72;24.12;38.16;337.21;104.95;154.62;75.93;49.1;17.97;13.07;51.67;290.06;34;73.34;12.78;26.64;802.56;398.86;22.54;19.85;71.49;66.1;149.96;30.1;18.08;64.31
MT_M04_Ma4;Wi;30;64;7.27;28.84;22.22;10.44;10.7;13.93;165.45;53.65;28.68;16.15;23.75;239.07;58.29;155.21;35.48;39.17;25.05;5.46;42.36;189.07;28.11;62.27;14.09;23.32;422.09;276.11;12.03;17.81;49.86;49.74;104.11;18.8;11.51;39.51
MT_U01_Fr1;E2;30;69.3;17.17;51.08;63.83;35.83;21.39;28.53;389.18;72.16;38.49;25.8;32.79;321.53;92.67;137.9;81.46;52.51;19.7;4.82;64.41;330;32.55;83.53;13.12;42.4;787.11;349.45;18.93;28.2;54.56;60.8;167.33;27.71;18.6;71.85
MT_U01_Fr3;E3;30;69.9;19.94;67.11;76.79;38.87;29.01;37.58;531.57;88.6;65;37.6;48.22;384.6;128.05;155.54;101.89;65.51;33.45;10.72;75.28;342.01;34.01;89.98;16.03;45.23;785.17;393.53;21.01;23.61;57.38;60.63;168.25;29.51;21.64;67.61
MT_U02_Fr1;E2;30;72.3;15.47;46.16;63.27;38.49;20.18;25.22;320.3;76.8;39.24;31.25;31.22;254.47;110.02;201.97;90.53;42.33;24.66;4.84;49.22;270.36;34.3;80.16;15.12;30.11;554.71;399.25;15;28.83;57.2;54.06;147.39;24.07;20.99;60.62
MT_U02_Fr2;E1;30;68;52.26;105.72;209.91;104.75;61.26;86.9;684.03;194.72;119.16;57.94;81.17;609.76;201.87;307.13;133.26;98.69;49.25;10.91;125.9;551.06;63.1;110.91;23.84;80.37;1067.14;536.96;40.21;42.09;127.26;142.98;404.51;88.27;51.46;148.06
MT_U02_Fr3;E3;30;65.4;24.75;74.97;93.76;48.52;33.95;40.17;433;100.64;66.67;37.95;44.29;343.07;100.54;189.35;80.53;53.43;33.35;8.31;69.99;265.93;30.93;68.77;16.48;35.06;635.12;337.74;19.38;23.03;50;55.27;138.99;30.66;21.74;52.87
MT_U02_Fr4;C;30;68.3;7.86;29.76;17.7;9.73;8.67;15.65;208.22;27.61;16.11;26.48;22.48;265.51;59.69;130.57;37.17;45.63;19.08;3.99;51.36;240.16;32.42;72.67;18.2;31.95;562.73;311.44;16.62;24.59;55.71;54.23;147.22;22.82;9.11;62.83
MT_U03_Fr3;E3;30;77.2;40.96;97.6;154.55;89.8;50.37;54.19;503.2;150.2;77.99;46.5;57.01;341.27;134.74;242.65;97.99;54.43;46.87;9.85;79.62;381.05;34.62;83.64;14.41;39.44;772.95;438.06;18.38;23.61;58.7;57.92;155.99;32.22;29.15;93.06
MT_U04_Fr2;E1;30;72.3;18.81;53.37;73.65;37.3;25.16;33.78;431.84;87.45;56.19;33.92;41.23;344.73;122.89;201.26;116.64;48.57;42.9;6.13;55.31;340.24;31.88;101.15;12.71;32.74;700.76;403.71;22.46;24.6;61.15;63.83;154.43;29.29;31.5;88.96
MT_U04_Fr3;E3;30;72.3;28.1;64.23;101.87;56.35;31.45;39.77;481.79;118.17;68.02;40.64;45.14;329.31;128.23;190.33;111.14;58.25;34.59;8.71;75.66;391.75;41.09;103.55;15.14;43.74;880.73;460.95;21.51;27.86;72.76;66.15;177.54;36.03;28.51;81.18
MT_U04_Fr4;C;30;61.6;8.68;34.91;22.82;15.26;12.48;14.88;332.48;31.68;24.45;19.58;34.68;384.79;114.18;99.64;126.44;59.6;13.05;3.92;69.25;321.7;38.14;101.42;17.45;47.13;834.46;422.36;24.94;31.68;69.86;90.48;208.25;34.01;13.38;92.68
MT_U05_Fr1;E2;30;67.2;13.08;49.63;51.01;30.49;19.85;26.25;279.01;63.63;41.78;28.82;36.47;352.63;95.02;226.59;69.71;46.26;24.96;4.71;48.91;258.05;34.72;77.52;16.04;33.45;530.42;313.62;16.48;25.38;64.43;54.37;131.77;22.1;16.28;64.19
MT_U05_Fr3;E3;30;63.1;25.41;63.11;98.68;57.22;30.99;40.28;303.64;99.02;68.14;41.25;45.99;364.07;119.25;241.25;94.58;70.16;38.23;8.5;77.17;332.79;31.78;77.37;18.91;41.5;779.57;339.09;24.66;27.9;56.42;72.89;174.2;34.34;23.19;68.1
MT_U05_Fr4;C;30;63.9;6.84;36.39;17.79;10.01;10.29;13.59;232.96;26.04;23.16;14.89;30.16;381.33;65.78;171.94;34.41;60.24;25.09;5.28;65.92;265.44;38.83;77.09;23.26;35.85;677.06;328.64;19.54;29.82;71.99;69.66;160.96;29.46;11.04;70.71
MT_U05_Ma3;Wo;30;66.1;36.74;86.12;102.2;70.6;37.17;55.49;541.7;217.87;62.11;39.88;56.03;525.24;178.14;263.77;108.29;68.33;32.99;15.04;75.6;345.72;61.88;88.92;16.7;29.07;901.93;355.46;29.68;22.47;97.53;77.42;143.95;39.03;21.61;80.17
MT_U06_Fr1;E2;30;73.8;21.35;60.12;58.61;36.09;19.82;39.3;410.51;66.64;53.87;37.1;47.64;388.49;155.4;150.25;153.96;78.2;17.33;4.53;89.51;423.5;47.86;91.49;22.91;58.11;918.96;374.82;29.77;31.88;81.72;80.43;227.24;42.05;25.97;97.66
MT_U06_Fr3;E3;30;72;25.34;62.68;76.65;49.08;30.69;29.85;546.73;115.45;49.46;31.87;46.08;350.1;137.98;199.39;102.86;63.49;29.02;9.18;73.78;368.23;43.06;102.27;16.74;40.12;781.88;478.8;20.24;27.57;74.81;53.31;174.38;30.01;25.7;77.6
MT_U06_Fr4;C;30;74.3;8.8;34.96;17.89;10.23;11.62;15.93;353.69;22.37;24.1;20.9;26.92;294.19;57.6;84.25;47.59;65.44;13.08;3.44;74.08;270.6;32.91;77.76;15.84;48.03;712.42;330.43;23.21;22.42;58.37;56.99;154.83;34.03;11.45;52.44
MT_U06_Ma3;Wo;30;67.1;31.17;53.59;64.91;51.95;20.33;31.4;275.36;132.93;33.29;24.01;35.6;346.97;90.11;238.14;36.65;52.39;26.95;8.53;73.01;292.89;61.41;75.59;15.55;31.38;689.19;348.42;16.18;23.47;97.42;63.77;134.65;30.73;16.36;69.24
Sed_01_E1;E1;30;528.6;4.12;21.24;17.66;17.85;13.88;3.85;101.64;60.87;3.5;4.13;5.29;23.62;26.24;30.72;11.82;NA;3.19;NA;2.14;2.99;NA;NA;NA;NA;4.13;8.12;NA;2.12;2.12;57.38;NA;NA;3.76;NA
Sed_01_E3;E3;30;556;2.47;19.91;10.9;11.02;29.24;3.61;103.85;103.31;3.63;3.82;6.3;16.08;13.54;26.25;6.09;2.13;2.54;3.83;NA;NA;NA;NA;NA;NA;10.11;21.72;NA;NA;0;68.67;NA;NA;3.04;NA
Sed_01_C;C;30;564.4;2.47;37.26;9.6;8.49;49.24;3.09;187.79;251.49;3.41;4.14;7.51;14.75;13.76;24.03;5.54;5.63;NA;6.33;NA;NA;NA;NA;NA;NA;22.16;30.22;NA;NA;0;40.34;NA;NA;1.67;NA
Sed_02_E1;E1;30;533.8;5.6;30.93;22.21;21.28;14.79;4.78;131.56;72.26;4.39;7.24;5.9;29.82;33.41;35.05;17.38;NA;4.57;2.46;2.59;4.12;NA;NA;1.47;NA;4.17;11.55;NA;2.75;2.75;52.74;NA;NA;4.2;NA
Sed_02_E2;E2;30;676.2;4.77;25.22;18.39;13.83;22.73;4.3;102.1;74.65;4.24;5.89;6.1;18.2;19.05;30.97;8.86;NA;3.62;3.86;NA;2.02;NA;NA;NA;NA;8.41;18.21;NA;NA;0;49.68;NA;NA;4.77;NA
Sed_02_E3;E3;30;470.3;2.77;20.42;11.21;11.51;37.82;2.96;109.58;105.79;3.44;3.96;6.81;20.46;11.39;23.56;4.92;NA;NA;3.21;NA;NA;NA;NA;NA;NA;10.58;20.39;NA;NA;0;74.92;NA;NA;1.66;NA
Sed_02_C;C;30;460.4;3.06;63.53;12.7;10.35;92.91;4.16;369.46;518.2;4.71;3.81;13.21;28.19;24.48;35.51;9.64;13.54;2.63;10.73;NA;NA;3.15;NA;3.06;NA;37.22;51.2;NA;2.28;2.28;66.33;NA;NA;3.41;NA
Sed_03_E1;E1;30;585.6;3.38;16.79;14.47;15.72;12.77;4.12;79.23;52.49;3.04;4.58;4.65;19.66;18.3;29.73;7.88;NA;2.37;NA;NA;2.37;NA;NA;NA;NA;3.6;7.76;NA;NA;0;74.78;NA;NA;3.92;NA
Sed_03_E2;E2;30;649.6;4.36;31.39;18.35;13.31;25.51;4.69;113.73;89.47;6.41;5.95;5.29;18.02;23.02;38.83;12.95;NA;5.95;5.34;5.84;NA;NA;NA;NA;NA;9.25;32.41;NA;NA;0;24.7;NA;NA;5.75;NA
Sed_03_E3;E3;30;618.8;2.99;25.74;13.41;12.97;41.92;3.45;130.68;151.07;4.23;4.44;7.78;18.5;15.8;28.39;6.69;2.83;2.62;4.85;NA;NA;NA;NA;NA;NA;14.32;28.4;NA;NA;0;67.99;NA;NA;3.54;NA
Sed_03_C;C;30;588.6;3.38;64.97;13.84;11.65;94.89;4.31;377.46;538.64;5.41;4.38;15.07;28.26;29.68;43.24;11.29;13.23;3.79;13.64;NA;NA;5.06;NA;3.84;NA;50.27;66.08;NA;NA;0;66.91;NA;NA;7.81;NA
Sed_04_E1;E1;30;472.8;4.9;24.16;21.41;22.22;15.87;6.59;122.02;75.21;4.52;6.4;6.36;29.75;35.69;41.03;16.74;NA;4.05;2.09;4.19;4.25;NA;NA;NA;NA;5.34;9.73;3.6;2.83;2.83;94.01;NA;NA;4.12;NA
Sed_04_E2;E2;30;446.5;5.85;40.64;25.31;18.87;41.75;5.76;184.69;139.19;7.45;6.12;9.88;37.06;32.72;50.99;15.53;3.35;6.51;8.3;3.83;2.59;NA;3.55;2.78;NA;15.94;47.41;4.37;2.33;2.33;95.84;NA;NA;10.04;NA
Sed_04_E3;E3;30;614.8;2.72;21.78;10.94;10.85;38.29;2.84;99.27;99.88;3.11;3.98;5.93;14.55;10.19;21.98;4.55;NA;NA;3.59;NA;NA;NA;NA;NA;NA;9.58;18.19;NA;NA;0;38.29;NA;NA;1.79;NA
Sed_04_C;C;30;650.2;3.37;84.4;15.1;11.59;118.15;4.18;426.14;632.66;5.51;5.18;15.48;22.78;29.17;37.75;12.2;14.09;3.45;14.78;NA;NA;3.04;NA;3.53;NA;50.84;68.72;NA;NA;0;44.58;NA;NA;3.2;NA
Sed_05_E1;E1;30;574.8;4.77;25.96;20.62;20.67;15.93;4.98;128.68;76.62;4.77;5.03;6.65;32.36;31.26;42.21;16.73;NA;4.45;2.96;3.36;4.63;NA;NA;NA;NA;5.39;13.45;2.96;3.75;3.75;96.35;NA;NA;5.33;NA
Sed_05_E2;E2;30;541.2;5.71;38.28;23.92;16.38;29.64;6.12;167.88;114.12;6.87;5.18;9.04;29.75;35.69;47.9;21.24;NA;8;5.78;2.85;3.19;NA;2.27;NA;NA;12.15;29.18;2.59;NA;0;64.01;NA;NA;8.4;NA
Sed_05_E3;E3;30;523.5;2.67;19.72;10.62;11.29;34.55;2.69;106.5;82.67;3.27;4.04;6.46;21.59;9.9;22.39;4.17;16.53;NA;2.46;NA;NA;NA;NA;NA;NA;10.59;15.91;NA;NA;0;73.12;NA;NA;1.4;NA
Sed_05_C;C;30;697.6;3.56;66.74;15.84;13.1;85.37;5.63;395.06;551.89;6.2;4.83;14.42;30.91;33.73;46.6;13.3;17.18;4.11;16.56;2.17;NA;4.5;NA;4.63;NA;56.93;82.11;NA;NA;0;95.33;NA;NA;9.36;NA